m0,c0,r0,k1,k2,inhMWS,fB0,fD0,fE0,dens_R,dens_C,dens_CS,dens_M
0.191955783820055,0.0301398311110796,0.632019850303293,1,10,1,1.5,1.5,1.25,0.4,0.38,0.3,4e-05
