Wavelength,Melatonin CA%,Standard Deviation,Fit,Residual,Residual ABS,Variance in,Weights normalized
420,0.110072509552789,0.202004946747498,0.555205460694452,0.445132951141663,0.445132951141663,0.494271965265,0.152151307131643
440,0.712352782359371,0.37013079361405,0.768857290611573,0.056504508252202,0.056504508252202,0.164976425039923,0.455847710213123
460,0.9779209394831,0.430258781838827,0.931994751071037,-0.0459261884120629,0.0459261884120629,0.157924279173103,0.476203697033585
480,0.935742544292071,0.423024261038854,0.999425609893192,0.0636830656011215,0.0636830656011215,0.160084771951524,0.46977688556391
500,1,0.300495733635979,0.94356809897327,-0.0564319010267297,0.0564319010267297,0.0752041255935959,1
530,0.970180627912486,0.340814839046989,0.575168314842426,-0.395012313070059,0.395012313070059,0.0999402331325248,0.752490996232439
560,0.379939998240715,0.378348372345,0.14800193303726,-0.231938065203455,0.231938065203455,0.35184507268221,0.213742159355237
590,0,0,0.0396369746587692,0.0396369746587692,0.0396369746587692,2.76724115069293,0.0271765709955435
620,0.100760998647113,0.248227498813128,0.0182823409926168,-0.082478657654496,0.082478657654496,0.847098016073802,0.0887785405780526
