m0,c0,r0,k1,k2,inhMWS,fB0,fD0,fE0,dens_R,dens_C,dens_CS,dens_M
0.522007592370933,0.125087906531476,0.703061720965347,1,10,1,0.710975088601334,0.238243729069241,0.249508833559943,0.4,0.38,0.3,4e-05
