m0,c0,r0,k1,k2,inhMWS,fB0,fD0,fE0,dens_R,dens_C,dens_CS,dens_M
0.946626727774342,0.0300923758176406,0.102138505524953,1,10,1,1.5,1.5,1.25,0.4,0.38,0.3,4e-05
